{"cameraMode":{"drawMode":0,"name":"Shaded","section":"Shading Mode"},"sceneLighting":true,"audioPlay":false,"sceneViewState":{"m_AlwaysRefresh":false,"showFog":true,"showSkybox":true,"showFlares":true,"showImageEffects":true,"showParticleSystems":true,"showVisualEffectGraphs":true,"m_FxEnabled":true},"in2DMode":false,"pivot":{"x":24.289457321166993,"y":-6.884150505065918,"z":17.279647827148439},"rotation":{"x":0.19334818422794343,"y":0.6364085078239441,"z":-0.16916440427303315,"w":0.7273436784744263},"size":13.022601127624512,"orthographic":false}