{"cameraMode":{"drawMode":0,"name":"Shaded","section":"Shading Mode"},"sceneLighting":true,"audioPlay":false,"sceneViewState":{"m_AlwaysRefresh":false,"showFog":true,"showSkybox":true,"showFlares":true,"showImageEffects":true,"showParticleSystems":true,"showVisualEffectGraphs":true,"m_FxEnabled":true},"in2DMode":false,"pivot":{"x":9.291840553283692,"y":-5.748119354248047,"z":36.08828353881836},"rotation":{"x":0.21263831853866578,"y":0.06913808733224869,"z":-0.015053539536893368,"w":0.9745972156524658},"size":13.022601127624512,"orthographic":false}