{"cameraMode":{"drawMode":0,"name":"Shaded","section":"Shading Mode"},"sceneLighting":true,"audioPlay":false,"sceneViewState":{"m_AlwaysRefresh":false,"showFog":true,"showSkybox":true,"showFlares":true,"showImageEffects":true,"showParticleSystems":true,"showVisualEffectGraphs":true,"m_FxEnabled":true},"in2DMode":false,"pivot":{"x":8.130345344543457,"y":9.681248664855957,"z":-10.913101196289063},"rotation":{"x":-0.040691670030355456,"y":-0.07191306352615357,"z":0.0029430196154862644,"w":-0.9965951442718506},"size":2.884547472000122,"orthographic":false}