{"cameraMode":{"drawMode":0,"name":"Shaded","section":"Shading Mode"},"sceneLighting":true,"audioPlay":false,"sceneViewState":{"m_AlwaysRefresh":false,"showFog":true,"showSkybox":true,"showFlares":true,"showImageEffects":true,"showParticleSystems":true,"showVisualEffectGraphs":true,"m_FxEnabled":true},"in2DMode":false,"pivot":{"x":13.319219589233399,"y":4.5609259605407719,"z":31.515857696533204},"rotation":{"x":-0.07122169435024262,"y":-0.9071198105812073,"z":0.377987265586853,"w":-0.1709468960762024},"size":0.26969990134239199,"orthographic":false}